tax_id	abundance	lineage	estimated counts
338	0.16183374441951037	Bacteria;Actinobacteriota;Actinobacteria;Corynebacteriales;Corynebacteriaceae;Corynebacterium;	37927.356342156454
7856	0.09537504099545568	Bacteria;Actinobacteriota;Actinobacteria;Micrococcales;Brevibacteriaceae;Brevibacterium;ravenspurgense;	22352.094607694995
4533	0.006759015220467264	Bacteria;Proteobacteria;Gammaproteobacteria;Enterobacterales;Morganellaceae;Providencia;rettgeri;	1584.042807068708
13	0.022718762444951725	Bacteria;Proteobacteria;Gammaproteobacteria;Enterobacterales;Enterobacteriaceae;Enterobacter;	5324.369166598886
84	0.001973978461880965	Bacteria;Proteobacteria;Gammaproteobacteria;Enterobacterales;Erwiniaceae;Pantoea;	462.6215923264229
245	0.008947853959531741	Bacteria;Proteobacteria;Gammaproteobacteria;Enterobacterales;Enterobacteriaceae;Escherichia-Shigella;	2097.019053955859
17265	0.07408922092095055	Bacteria;Firmicutes;Bacilli;Bacillales;Bacillaceae;Gracilibacillus;halotolerans;	17363.54981503397
27	0.08116084888383787	Bacteria;Firmicutes;Bacilli;Bacillales;Bacillaceae;Bacillus;	19020.856544416245
249	0.020860694784264378	Bacteria;Firmicutes;Bacilli;Lactobacillales;Enterococcaceae;Enterococcus;	4888.9124296402
19233	0.0201484902535069	Bacteria;Firmicutes;Bacilli;Bacillales;Bacillaceae;Bacillus;niameyensis;	4722.000175811877
1114	0.005096130943247247	Bacteria;Firmicutes;Bacilli;Bacillales;Bacillaceae;Virgibacillus;	1194.3292478594246
1210	0.0032262055826514403	Bacteria;Actinobacteriota;Actinobacteria;Corynebacteriales;Corynebacteriaceae;Corynebacterium;simulans;	756.0935403501916
259	0.07320359471278667	Bacteria;Proteobacteria;Gammaproteobacteria;Enterobacterales;Enterobacteriaceae;Klebsiella;pneumoniae;	17155.994456888686
2507	0.036116638789527464	Bacteria;Proteobacteria;Gammaproteobacteria;Enterobacterales;Morganellaceae;Proteus;mirabilis;	8464.295466713656
4789	0.029467541099164905	Bacteria;Firmicutes;Bacilli;Bacillales;Bacillaceae;Bacillus;galactosidilyticus;	6906.012932000287
474	0.001213931543149838	Bacteria;Proteobacteria;Gammaproteobacteria;Enterobacterales;Morganellaceae;Providencia;vermicola;	284.496996452596
3139	0.001825067791307825	Bacteria;Actinobacteriota;Actinobacteria;Corynebacteriales;Corynebacteriaceae;Corynebacterium;spheniscorum;	427.72288757090183
2793	0.02093249775456342	Bacteria;Actinobacteriota;Actinobacteria;Corynebacteriales;Corynebacteriaceae;Corynebacterium;aurimucosum;	4905.740173759483
2646	8.605167287299374e-05	Bacteria;Firmicutes;Bacilli;Bacillales;Bacillaceae;Pontibacillus;	20.167070054514813
92	0.014328309039515163	Bacteria;Firmicutes;Bacilli;Bacillales;Bacillaceae;Oceanobacillus;	3357.9825065007735
15205	0.016836564181781352	Bacteria;Actinobacteriota;Actinobacteria;Micrococcales;Brevibacteriaceae;Brevibacterium;senegalense;	3945.817181642278
5721	0.001790822434614512	Bacteria;Actinobacteriota;Actinobacteria;Corynebacteriales;Corynebacteriaceae;Corynebacterium;singulare;	419.697145776257
105	0.019505528579703054	Bacteria;Actinobacteriota;Actinobacteria;Actinomycetales;Actinomycetaceae;Actinomyces;	4571.3156779392075
10848	0.0001136819040162104	Bacteria;Proteobacteria;Gammaproteobacteria;Enterobacterales;Enterobacteriaceae;Kluyvera;ascorbata;	26.642491025239067
1956	0.029583963975138655	Bacteria;Actinobacteriota;Actinobacteria;Micrococcales;Brevibacteriaceae;Brevibacterium;	6933.297797213495
635	0.006125864871199878	Bacteria;Proteobacteria;Gammaproteobacteria;Enterobacterales;Morganellaceae;Providencia;	1435.6576912144033
11060	0.0017428683504261831	Bacteria;Firmicutes;Bacilli;Bacillales;Planococcaceae;Sporosarcina;contaminans;	408.4586266058803
4636	0.011288495539926259	Bacteria;Firmicutes;Bacilli;Bacillales;Bacillaceae;Ornithinibacillus;	2645.571814737118
5841	0.012564282368631108	Bacteria;Firmicutes;Bacilli;Bacillales;Bacillaceae;Bacillus;ruris;	2944.5652159123865
2744	0.004141741927498304	Bacteria;Firmicutes;Bacilli;Lactobacillales;Enterococcaceae;Enterococcus;gallinarum;	970.6586381285025
518	0.0076352602300229005	Bacteria;Proteobacteria;Gammaproteobacteria;Enterobacterales;Enterobacteriaceae;Enterobacter;cloacae;	1789.3995875081669
12	0.020467600535957618	Bacteria;Proteobacteria;Gammaproteobacteria;Enterobacterales;Enterobacteriaceae;Klebsiella;	4796.786861607027
4771	0.0027606561478019016	Bacteria;Proteobacteria;Gammaproteobacteria;Enterobacterales;Enterobacteriaceae;Klebsiella;quasipneumoniae;	646.9873747988537
6269	0.0001864179412330132	Bacteria;Proteobacteria;Gammaproteobacteria;Enterobacterales;Enterobacteriaceae;Lelliottia;	43.688908707368974
96	0.0024634176950817095	Bacteria;Proteobacteria;Gammaproteobacteria;Enterobacterales;Enterobacteriaceae;Citrobacter;	577.3265710193494
4462	0.00132825684042533	Bacteria;Firmicutes;Bacilli;Lactobacillales;Carnobacteriaceae;Granulicatella;	311.2902731220803
255	0.00017341541663053845	Bacteria;Proteobacteria;Gammaproteobacteria;Burkholderiales;Nitrosomonadaceae;Nitrosomonas;	40.64163704153299
809	0.010248599694144003	Bacteria;Proteobacteria;Gammaproteobacteria;Enterobacterales;Morganellaceae;Proteus;	2401.861824319589
5323	0.0023025437992121416	Bacteria;Firmicutes;Bacilli;Lactobacillales;Enterococcaceae;Enterococcus;asini;	539.6241647833575
2334	0.00044190162536689664	Bacteria;Chloroflexi;Anaerolineae;RBG-13-54-9;	103.5640649209859
819	0.0006806631996088224	Bacteria;Firmicutes;Bacilli;Lactobacillales;Enterococcaceae;Enterococcus;durans;	159.5202274603236
10004	0.0002167365336255552	Bacteria;Proteobacteria;Alphaproteobacteria;Alphaproteobacteria Incertae Sedis;Unknown Family;Neomegalonema;	50.794374020485115
366	0.007837407937038559	Bacteria;Firmicutes;Bacilli;Bacillales;Planococcaceae;Sporosarcina;	1836.7749241243566
485	0.004335963516667581	Bacteria;Firmicutes;Bacilli;Lactobacillales;Lactobacillaceae;Limosilactobacillus;	1016.1764097662143
10648	0.001699367268558515	Bacteria;Firmicutes;Bacilli;Bacillales;Planococcaceae;Sporosarcina;ginsengisoli;	398.2637130593736
848	0.0058947311356270125	Bacteria;Firmicutes;Bacilli;Lactobacillales;Enterococcaceae;Enterococcus;faecium;	1381.4891889455466
18747	0.00040319089245245373	Bacteria;Firmicutes;Bacilli;Lactobacillales;Enterococcaceae;	94.49181755515706
410	0.002048586594353066	Bacteria;Firmicutes;Bacilli;Bacillales;Bacillaceae;Bacillus;subtilis;	480.1067542525846
254	0.012799166805873044	Bacteria;Proteobacteria;Gammaproteobacteria;Enterobacterales;Enterobacteriaceae;Klebsiella;oxytoca;	2999.612732624407
413	0.001223257391229321	Bacteria;Proteobacteria;Gammaproteobacteria;Enterobacterales;Enterobacteriaceae;Enterobacter;asburiae;	286.6826022085037
3976	0.0004898985517107893	Bacteria;Actinobacteriota;Actinobacteria;Corynebacteriales;Corynebacteriaceae;Corynebacterium;stationis;	114.81262457894057
3884	0.004330914604190341	Bacteria;Firmicutes;Bacilli;Bacillales;Bacillaceae;Bacillus;oleronius;	1014.9931466380483
590	0.006179109111338878	Bacteria;Proteobacteria;Gammaproteobacteria;Enterobacterales;Enterobacteriaceae;Salmonella;enterica;	1448.1360113333794
990	0.00013873233553217884	Bacteria;Firmicutes;Bacilli;Bacillales;Planococcaceae;Lysinibacillus;xylanilyticus;	32.513310155321435
636	0.0013822427078023112	Bacteria;Firmicutes;Bacilli;Lactobacillales;Lactobacillaceae;Lactobacillus;delbrueckii;	323.94240100054964
14836	0.0025540079969832226	Bacteria;Firmicutes;Bacilli;Bacillales;Bacillaceae;Oceanobacillus;sojae;	598.5573141729881
201	0.001190836981732	Bacteria;Firmicutes;Bacilli;Staphylococcales;Staphylococcaceae;Staphylococcus;	279.0845550387115
2313	6.332838842932302e-05	Bacteria;Proteobacteria;Gammaproteobacteria;Burkholderiales;Comamonadaceae;Aquabacterium;	14.841641112296143
3093	0.00022544013399566695	Bacteria;Firmicutes;Bacilli;Bacillales;Bacillaceae;Bacillus;thermoamylovorans;	52.834149803224506
15478	0.0010404927039488877	Bacteria;Actinobacteriota;Actinobacteria;Micrococcales;Brevibacteriaceae;Brevibacterium;yomogidense;	243.84987009746132
2716	0.0012495332706476934	Bacteria;Firmicutes;Bacilli;Bacillales;Bacillaceae;Oceanobacillus;oncorhynchi;	292.84061730899344
4964	0.00038153267509445627	Bacteria;Planctomycetota;Planctomycetes;Pirellulales;Pirellulaceae;	89.41599773513677
7553	0.0024639656925486476	Bacteria;Firmicutes;Bacilli;Bacillales;Bacillaceae;Gracilibacillus;	577.4549997057011
174	0.0018044345157129144	Bacteria;Firmicutes;Bacilli;Bacillales;Bacillaceae;Anoxybacillus;	422.8872731024786
1532	0.002666202773772541	Bacteria;Firmicutes;Bacilli;Lactobacillales;Enterococcaceae;Enterococcus;hirae;	624.8512820613328
477	0.0027265318218359443	Bacteria;Firmicutes;Bacilli;Bacillales;Bacillaceae;Bacillus;licheniformis;	638.9899977654719
10533	7.454603302581895e-05	Bacteria;Firmicutes;Negativicutes;Veillonellales-Selenomonadales;Veillonellaceae;Dialister;	17.47060829993093
2804	0.0003685049129645629	Bacteria;Proteobacteria;Gammaproteobacteria;Enterobacterales;Enterobacteriaceae;Klebsiella;granulomatis;	86.36281140237496
12790	9.971386456255962e-05	Bacteria;Firmicutes;Bacilli;Bacillales;Bacillaceae;Bacillus;jeotgali;	23.368941298881474
4797	0.0003295170025131258	Bacteria;Firmicutes;Bacilli;Bacillales;Planococcaceae;Sporosarcina;pasteurii;	77.22560470897616
3323	0.0009884767453211011	Bacteria;Firmicutes;Bacilli;Lactobacillales;Lactobacillaceae;Pediococcus;acidilactici;	231.65941003345327
12458	0.0023417204039334893	Bacteria;Firmicutes;Bacilli;Bacillales;Bacillaceae;Pseudogracilibacillus;	548.8055938658525
4817	0.0023589477340104957	Bacteria;Actinobacteriota;Actinobacteria;Corynebacteriales;Corynebacteriaceae;Corynebacterium;minutissimum;	552.8429909426998
57	0.0009091063888013815	Bacteria;Proteobacteria;Gammaproteobacteria;Enterobacterales;Aeromonadaceae;Aeromonas;	213.05817327949177
700	0.0003556310650518441	Bacteria;Proteobacteria;Gammaproteobacteria;Enterobacterales;Erwiniaceae;Erwinia;	83.34569640555019
1340	4.390392692750341e-05	Bacteria;Actinobacteriota;Actinobacteria;Propionibacteriales;Propionibacteriaceae;	10.289324314729699
4808	0.0006784177798412552	Bacteria;Actinobacteriota;Actinobacteria;Corynebacteriales;Corynebacteriaceae;Corynebacterium;bovis;	158.99399088359658
3140	0.00023025725109859844	Bacteria;Firmicutes;Bacilli;Lactobacillales;Lactobacillaceae;Companilactobacillus;	53.96308936746753
88	0.0009272739037560816	Bacteria;Proteobacteria;Gammaproteobacteria;Enterobacterales;Enterobacteriaceae;Kluyvera;	217.31591208427528
13349	6.0695356121779805e-05	Bacteria;Firmicutes;Bacilli;Bacillales;Bacillaceae;Halalkalibacillus;halophilus;	14.224563660700316
2206	0.0012832721888044378	Bacteria;Proteobacteria;Gammaproteobacteria;Enterobacterales;Morganellaceae;Morganella;morganii;	300.74767016820806
5203	0.000917602902479897	Bacteria;Actinobacteriota;Actinobacteria;Corynebacteriales;Corynebacteriaceae;Corynebacterium;striatum;	215.04941622518868
628	9.589187211157377e-05	Bacteria;Firmicutes;Bacilli;Bacillales;Bacillaceae;Bacillus;drentensis;	22.47321914806843
179	0.0007833689114585539	Bacteria;Proteobacteria;Gammaproteobacteria;Xanthomonadales;Xanthomonadaceae;Stenotrophomonas;	183.5903380894267
510	0.0018276840598222932	Bacteria;Proteobacteria;Gammaproteobacteria;Enterobacterales;Enterobacteriaceae;Enterobacter;hormaechei;	428.3360362599526
3995	0.0008839048438350029	Bacteria;Firmicutes;Bacilli;Bacillales;Bacillaceae;Bacillus;lentus;	207.15193920117127
18668	0.00037284315089487606	Bacteria;Firmicutes;Bacilli;Bacillales;Bacillaceae;Oceanobacillus;jeddahense;	87.37952084372316
4102	0.00023436092992193183	Bacteria;Actinobacteriota;Actinobacteria;Corynebacteriales;Corynebacteriaceae;Corynebacterium;pseudotuberculosis;	54.92482753650394
51	0.0013882460141660456	Bacteria;Firmicutes;Bacilli;Bacillales;Bacillaceae;Bacillus;cereus;	325.3493358799544
1426	0.00023411005431766134	Bacteria;Firmicutes;Bacilli;Bacillales;Bacillaceae;Bacillus;siralis;	54.86603232988711
482	0.0012863245743614346	Bacteria;Firmicutes;Bacilli;Bacillales;Bacillaceae;Bacillus;circulans;	301.46302724734585
2698	0.000381491936578102	Bacteria;Actinobacteriota;Actinobacteria;Corynebacteriales;Corynebacteriaceae;Corynebacterium;doosanense;	89.40645025644399
4398	0.00032243191866247864	Bacteria;Actinobacteriota;Actinobacteria;Micrococcales;Brevibacteriaceae;Brevibacterium;luteolum;	75.5651444577385
106	0.00152893006797794	Bacteria;Firmicutes;Bacilli;Lactobacillales;Streptococcaceae;Streptococcus;	358.32005073131006
8083	8.561119702210839e-05	Bacteria;Firmicutes;Bacilli;Paenibacillales;Paenibacillaceae;	20.063840134101323
1030	0.00016223972554649761	Bacteria;Firmicutes;Bacilli;Lactobacillales;Aerococcaceae;Abiotrophia;	38.02250207907718
6706	0.0003164796549244391	Bacteria;Firmicutes;Bacilli;Lactobacillales;Carnobacteriaceae;Jeotgalibaca;	74.17017192809155
2237	0.0001361450445068173	Bacteria;Desulfobacterota;Syntrophorhabdia;Syntrophorhabdales;Syntrophorhabdaceae;Syntrophorhabdus;	31.9069526306177
281	0.0011675173854578014	Bacteria;Firmicutes;Bacilli;Bacillales;Planococcaceae;Lysinibacillus;	273.61937445589035
9562	0.000810727054713742	Bacteria;Firmicutes;Bacilli;Lactobacillales;Enterococcaceae;Enterococcus;hermanniensis;	190.00199254271257
6080	0.0005604209573017482	Bacteria;Actinobacteriota;Actinobacteria;Micrococcales;Brevibacteriaceae;Brevibacterium;pityocampae;	131.3402555532377
21	0.00012144056551462545	Bacteria;Firmicutes;Clostridia;Lachnospirales;Lachnospiraceae;Blautia;	28.46081093400762
15690	5.2024624989161534e-05	Bacteria;Firmicutes;Bacilli;Lactobacillales;Enterococcaceae;Enterococcus;moraviensis;	12.192491112459898
945	0.000135252329125712	Bacteria;Firmicutes;Bacilli;Exiguobacterales;Exiguobacteraceae;Exiguobacterium;	31.697735853901865
2725	0.0017597284035652898	Bacteria;Firmicutes;Bacilli;Lactobacillales;Enterococcaceae;Enterococcus;casseliflavus;	412.40994865956134
397	0.0005218489074893361	Bacteria;Proteobacteria;Gammaproteobacteria;Enterobacterales;Pectobacteriaceae;Pectobacterium;carotovorum;	122.3005099592008
12978	8.497662766993455e-05	Bacteria;Actinobacteriota;Actinobacteria;Bifidobacteriales;Bifidobacteriaceae;Bifidobacterium;indicum;	19.91512246072586
2677	0.00024099519744526796	Bacteria;Firmicutes;Bacilli;Bacillales;Bacillaceae;Anaerobacillus;	56.479634473273
246	0.001169378995416375	Bacteria;Firmicutes;Bacilli;Lactobacillales;Lactobacillaceae;Lactiplantibacillus;	274.05566136578165
2540	0.0008095817197572041	Bacteria;Firmicutes;Bacilli;Lactobacillales;Enterococcaceae;Enterococcus;avium;	189.73357184229835
1694	0.0001474031041359577	Bacteria;Firmicutes;Bacilli;Lactobacillales;Enterococcaceae;Enterococcus;thailandicus;	34.54539148530304
9207	6.510225776990991e-05	Bacteria;Firmicutes;Bacilli;Bacillales;Bacillaceae;Cerasibacillus;	15.257365130956087
597	0.00040070612529676875	Bacteria;Firmicutes;Bacilli;Bacillales;Planococcaceae;Lysinibacillus;fusiformis;	93.90948752455073
2835	0.0007715848650798218	Bacteria;Actinobacteriota;Actinobacteria;Corynebacteriales;Corynebacteriaceae;Corynebacterium;genitalium;	180.82862898010703
19212	0.0003988569319132164	Bacteria;Firmicutes;Bacilli;Bacillales;Bacillaceae;Oceanobacillus;chironomi;	93.4761105631814
5317	0.00018910373466710778	Bacteria;Firmicutes;Clostridia;Oscillospirales;Ruminococcaceae;Faecalibacterium;	44.318351256583384
1065	0.0004723704666305586	Bacteria;Proteobacteria;Gammaproteobacteria;Enterobacterales;Enterobacteriaceae;Enterobacter;cancerogenus;	110.7047425595377
8164	5.109823899226145e-05	Bacteria;Firmicutes;Bacilli;Erysipelotrichales;Erysipelotrichaceae;Erysipelothrix;	11.975383290226393
7020	0.0001907569563265102	Bacteria;Firmicutes;Bacilli;Bacillales;Bacillaceae;Gracilibacillus;massiliensis;	44.70580028468093
687	0.0011225310868118535	Bacteria;Firmicutes;Bacilli;Lactobacillales;Lactobacillaceae;Lacticaseibacillus;	263.07638550522597
18732	0.00017775080204765963	Bacteria;Proteobacteria;Gammaproteobacteria;Enterobacterales;Enterobacteriaceae;Klebsiella;quasivariicola;	41.65767796788951
3555	0.00018770155067007968	Bacteria;Proteobacteria;Gammaproteobacteria;Enterobacterales;Erwiniaceae;Erwinia;piriflorinigrans;	43.989735415039874
617	0.0005787268674287748	Bacteria;Actinobacteriota;Actinobacteria;Corynebacteriales;Mycobacteriaceae;Mycobacterium;	135.63042865060766
60	0.0017804930810625115	Bacteria;Actinobacteriota;Actinobacteria;Streptomycetales;Streptomycetaceae;Streptomyces;	417.27635847781016
2005	0.0001480295605665625	Bacteria;Firmicutes;Bacilli;Lactobacillales;Enterococcaceae;Enterococcus;gilvus;	34.692207814379586
14441	0.00043354466106483927	Bacteria;Actinobacteriota;Actinobacteria;Micrococcales;Micrococcaceae;Enteractinococcus;coprophilus;	101.60552676715574
1827	0.0006490473858758743	Bacteria;Firmicutes;Bacilli;Lactobacillales;Lactobacillaceae;Lactobacillus;	152.1107453538699
5506	0.00013416481163559888	Bacteria;Proteobacteria;Gammaproteobacteria;Enterobacterales;Enterobacteriaceae;Kosakonia;oryzae;	31.442865254918953
286	0.000125364317805552	Bacteria;Actinobacteriota;Acidimicrobiia;Microtrichales;Ilumatobacteraceae;CL500-29 marine group;	29.380381520909165
356	0.0011978477184659943	Bacteria;Firmicutes;Bacilli;Lactobacillales;Enterococcaceae;Enterococcus;faecalis;	280.7275912996904
887	0.00024154577296012862	Bacteria;Actinobacteriota;Actinobacteria;Pseudonocardiales;Pseudonocardiaceae;Amycolatopsis;	56.60866735093575
2352	0.00060028254844013	Bacteria;Firmicutes;Bacilli;Bacillales;Bacillaceae;Bacillus;sporothermodurans;	140.68221805242885
76	0.00018019451253779164	Bacteria;Cyanobacteria;Cyanobacteriia;Chloroplast;	42.23038595835685
540	0.0008540728212657547	Bacteria;Firmicutes;Bacilli;Lactobacillales;Enterococcaceae;Enterococcus;mundtii;	200.1605063918423
4787	0.0005418457072943935	Bacteria;Firmicutes;Bacilli;Bacillales;Bacillaceae;Gracilibacillus;dipsosauri;	126.98695996151406
365	0.0010595396008619157	Bacteria;Actinobacteriota;Actinobacteria;Corynebacteriales;Nocardiaceae;Rhodococcus;	248.31370085799858
1261	9.735834883966309e-05	Bacteria;Actinobacteriota;Actinobacteria;Micrococcales;Micrococcaceae;Rothia;	22.816902634063442
4870	0.0003602443851995719	Bacteria;Actinobacteriota;Actinobacteria;Micrococcales;Dermabacteraceae;Brachybacterium;	84.42687411537167
2016	0.00020615468992763177	Bacteria;Firmicutes;Bacilli;Lactobacillales;Lactobacillaceae;Pediococcus;pentosaceus;	48.31441313143978
3915	0.00022007399794054483	Bacteria;Actinobacteriota;Actinobacteria;Corynebacteriales;Corynebacteriaceae;Corynebacterium;ulcerans;	51.57654215734609
5205	0.00014411948133488816	Bacteria;Firmicutes;Bacilli;Bacillales;Bacillaceae;Bacillus;paralicheniformis;	33.77584164564439
6560	0.0002109070983030414	Bacteria;Proteobacteria;Gammaproteobacteria;Enterobacterales;Enterobacteriaceae;Pluralibacter;	49.428187558300785
854	0.00035560416416418234	Bacteria;Firmicutes;Bacilli;Bacillales;Planococcaceae;Planococcus;	83.33939191351777
10975	9.718034222077535e-05	Bacteria;Actinobacteriota;Actinobacteria;Micrococcales;Brevibacteriaceae;Brevibacterium;salitolerans;	22.775185002860912
53	9.883790067664194e-05	Bacteria;Actinobacteriota;Actinobacteria;Micrococcales;Micrococcaceae;Kocuria;rhizophila;	23.163650402577804
16294	0.0015669185955035257	Bacteria;Firmicutes;Bacilli;Bacillales;Bacillaceae;Gracilibacillus;alcaliphilus;	367.22304204220626
517	6.936617706744118e-05	Bacteria;Proteobacteria;Gammaproteobacteria;Enterobacterales;Enterobacteriaceae;Trabulsiella;	16.256657257525514
2892	0.0028961548539436052	Bacteria;Proteobacteria;Gammaproteobacteria;Enterobacterales;Enterobacteriaceae;Klebsiella;variicola;	678.7428515702234
13730	6.503080112450458e-05	Bacteria;Firmicutes;Bacilli;Bacillales;Bacillaceae;Bacillus;vini;	15.240618551538892
5223	4.768923957337976e-05	Bacteria;Actinobacteriota;Actinobacteria;Micrococcales;Brevibacteriaceae;Brevibacterium;otitidis;	11.17645018641728
3512	0.0002472699222925586	Bacteria;Actinobacteriota;Actinobacteria;Corynebacteriales;Corynebacteriaceae;Corynebacterium;diphtheriae;	57.95017898848404
116	0.0005578179399368729	Bacteria;Actinobacteriota;Actinobacteria;Micrococcales;Micrococcaceae;Arthrobacter;	130.73021240360552
637	0.0004646527674602245	Bacteria;Firmicutes;Bacilli;Bacillales;Bacillaceae;Bacillus;megaterium;	108.89602258197822
2717	0.0010168303609097288	Bacteria;Proteobacteria;Gammaproteobacteria;Enterobacterales;Morganellaceae;Providencia;alcalifaciens;	238.30436338280404
277	0.00030272053564129534	Bacteria;Actinobacteriota;Actinobacteria;Corynebacteriales;Dietziaceae;Dietzia;	70.94558473289398
16292	0.000285977067277683	Bacteria;Actinobacteriota;Actinobacteria;Micrococcales;Micrococcaceae;Enteractinococcus;viverrae;	67.0215854871978
16	0.0005334304489484827	Bacteria;Proteobacteria;Gammaproteobacteria;Enterobacterales;Enterobacteriaceae;Klebsiella;aerogenes;	125.0147600155664
1344	0.00028613250840275775	Bacteria;Nitrospirota;Nitrospiria;Nitrospirales;Nitrospiraceae;Nitrospira;	67.0580146692703
1935	0.0011441642991397386	Bacteria;Proteobacteria;Gammaproteobacteria;Enterobacterales;Morganellaceae;Proteus;vulgaris;	268.14634514638914
61	0.00011165899498082823	Bacteria;Actinobacteriota;Actinobacteria;Micromonosporales;Micromonosporaceae;Micromonospora;	26.168402063706903
349	0.0006910434144265082	Bacteria;Actinobacteriota;Actinobacteria;Micrococcales;Micrococcaceae;Micrococcus;	161.95293460499647
7	0.0006300316139530918	Bacteria;Proteobacteria;Gammaproteobacteria;Pseudomonadales;Pseudomonadaceae;Pseudomonas;	147.6542090460466
458	0.00019942765438019883	Bacteria;Firmicutes;Bacilli;Lactobacillales;Lactobacillaceae;Lentilactobacillus;	46.7378650805434
423	6.83925416247849e-05	Bacteria;Actinobacteriota;Actinobacteria;Streptomycetales;Streptomycetaceae;Streptomyces;lavendulae;	16.02847605518459
15372	6.501956978299509e-05	Bacteria;Proteobacteria;Gammaproteobacteria;Enterobacterales;Enterobacteriaceae;Citrobacter;braakii;	15.237986374342729
1584	0.0005628294047810617	Bacteria;Actinobacteriota;Actinobacteria;Propionibacteriales;Propionibacteriaceae;Cutibacterium;	131.9046993044896
993	0.0001489956584834553	Bacteria;Actinobacteriota;Actinobacteria;Corynebacteriales;Corynebacteriaceae;Corynebacterium;amycolatum;	34.91862252218259
1372	7.373211870459812e-05	Bacteria;Firmicutes;Bacilli;Lactobacillales;Enterococcaceae;Enterococcus;pseudoavium;	17.279859339609615
5023	0.0003078123590135517	Bacteria;Actinobacteriota;Actinobacteria;Corynebacteriales;Corynebacteriaceae;Corynebacterium;argentoratense;	72.13890445841598
7990	9.78992839634388e-05	Bacteria;Proteobacteria;Gammaproteobacteria;Enterobacterales;Morganellaceae;Providencia;sneebia;	22.943676189671518
1029	5.949221983915014e-05	Bacteria;Proteobacteria;Gammaproteobacteria;Enterobacterales;Enterobacteriaceae;	13.942596641503226
750	0.0005497086771872247	Bacteria;Firmicutes;Bacilli;Bacillales;Bacillaceae;Bacillus;firmus;	128.82972558559797
11	6.863328856121991e-05	Bacteria;Proteobacteria;Alphaproteobacteria;Rhizobiales;Rhizobiaceae;Allorhizobium-Neorhizobium-Pararhizobium-Rhizobium;	16.0848975072075
6725	5.635907464998489e-05	Bacteria;Proteobacteria;Gammaproteobacteria;	13.208312734970459
1450	0.00010891514652244608	Bacteria;Firmicutes;Bacilli;Bacillales;Planococcaceae;Planomicrobium;	25.525353739000465
220	6.93542357236021e-05	Bacteria;Proteobacteria;Gammaproteobacteria;Coxiellales;Coxiellaceae;Coxiella;	16.25385868418339
18921	6.914044931314308e-05	Bacteria;Actinobacteriota;Actinobacteria;Micrococcales;Dermabacteraceae;Helcobacillus;	16.20375570102821
7706	0.0003251539300884831	Bacteria;Firmicutes;Bacilli;Bacillales;Bacillaceae;Bacillus;panacisoli;	76.2030750555369
5145	9.1044186507723e-05	Bacteria;Firmicutes;Bacilli;Bacillales;Bacillaceae;Bacillus;indicus;	21.33711554994996
6922	5.919628128634419e-05	Bacteria;Firmicutes;Bacilli;Bacillales;Bacillaceae;Bacillus;chungangensis;	13.873240482267626
2175	0.00033382468759173055	Bacteria;Proteobacteria;Gammaproteobacteria;Enterobacterales;Enterobacteriaceae;Klebsiella;michiganensis;	78.23515378399797
7266	0.00011179490416855544	Bacteria;Firmicutes;Bacilli;Bacillales;Sporolactobacillaceae;Sporolactobacillus;	26.200253740942653
5464	4.335385416434839e-05	Bacteria;Actinobacteriota;Actinobacteria;Corynebacteriales;Corynebacteriaceae;Corynebacterium;phocae;	10.160409261956689
3335	0.0003513171803508492	Bacteria;Actinobacteriota;Actinobacteria;Corynebacteriales;Corynebacteriaceae;Corynebacterium;xerosis;	82.33469438702501
6272	0.0003252003740845914	Bacteria;Actinobacteriota;Actinobacteria;Micrococcales;Micrococcaceae;Enteractinococcus;	76.21395967046485
4382	0.00036851957772450727	Bacteria;Actinobacteriota;Actinobacteria;Corynebacteriales;Corynebacteriaceae;Corynebacterium;vitaeruminis;	86.36624823551553
175	0.00021229358206585863	Bacteria;Firmicutes;Clostridia;Clostridiales;Clostridiaceae;Clostridium sensu stricto 1;	49.753123892954626
16316	0.0004452360140090255	Bacteria;Actinobacteriota;Actinobacteria;Corynebacteriales;Corynebacteriaceae;Lawsonella;	104.34551224315521
749	0.0004416796106361851	Bacteria;Firmicutes;Bacilli;Bacillales;Planococcaceae;Domibacillus;	103.51203354869634
4723	0.0003945200723223596	Bacteria;Proteobacteria;Gammaproteobacteria;Enterobacterales;Morganellaceae;Proteus;penneri;	92.4597241494682
2207	0.00017775036821905405	Bacteria;Firmicutes;Bacilli;Lactobacillales;Lactobacillaceae;Pediococcus;	41.657576295817506
6911	0.0007346978897228234	Bacteria;Proteobacteria;Gammaproteobacteria;Enterobacterales;Morganellaceae;Morganella;	172.18379743544088
4516	0.00010838463539408653	Bacteria;Firmicutes;Bacilli;Lactobacillales;Lactobacillaceae;Weissella;paramesenteroides;	25.40102315095812
1832	7.365470444401066e-05	Bacteria;Proteobacteria;Gammaproteobacteria;Enterobacterales;Hafniaceae;Hafnia-Obesumbacterium;	17.26171653349834
1106	6.0687038506311736e-05	Bacteria;Actinobacteriota;Actinobacteria;Micrococcales;Intrasporangiaceae;	14.222614344339219
660	0.00013791695312720395	Bacteria;Firmicutes;Bacilli;Bacillales;Bacillaceae;Bacillus;endophyticus;	32.32221713489152
5342	0.00011228254722310535	Bacteria;Chloroflexi;Anaerolineae;Anaerolineales;Anaerolineaceae;	26.31453776720697
3149	0.0007425217352193886	Bacteria;Firmicutes;Bacilli;Bacillales;Bacillaceae;Oceanobacillus;caeni;	174.0173938660159
8189	0.0001824333872017804	Bacteria;Proteobacteria;Gammaproteobacteria;Burkholderiales;SC-I-84;	42.75508862460926
7031	7.802969417988036e-05	Bacteria;Actinobacteriota;Actinobacteria;Micrococcales;Bogoriellaceae;Georgenia;	18.28703912799676
7519	0.0003066490831179519	Bacteria;Firmicutes;Bacilli;Bacillales;Bacillaceae;Gracilibacillus;saliphilus;	71.86627911952321
468	0.000276555791424428	Bacteria;Actinobacteriota;Actinobacteria;Micrococcales;Micrococcaceae;Micrococcus;luteus;	64.81361527822895
901	0.0004405945997058125	Bacteria;Actinobacteriota;Actinobacteria;Micrococcales;Micrococcaceae;Kocuria;	103.25775038705422
2104	0.00011260106944200994	Bacteria;Firmicutes;Bacilli;Bacillales;Bacillaceae;Paraliobacillus;	26.38918663442945
364	0.00018233046847552782	Bacteria;Proteobacteria;Gammaproteobacteria;Enterobacterales;Morganellaceae;Arsenophonus;	42.7309685919247
5477	0.00036807927963351404	Bacteria;Firmicutes;Bacilli;Lactobacillales;Carnobacteriaceae;Trichococcus;	86.26305997491035
12347	0.00011273930264327195	Bacteria;Firmicutes;Bacilli;Bacillales;Bacillaceae;Gracilibacillus;boraciitolerans;	26.421582967477214
168	0.00044573597342181776	Bacteria;Firmicutes;Bacilli;Lactobacillales;Lactobacillaceae;Levilactobacillus;	104.4626827311372
5387	0.0003555021465769574	Bacteria;Actinobacteriota;Actinobacteria;Micrococcales;Brevibacteriaceae;Brevibacterium;mcbrellneri;	83.31548307177573
2204	0.0002503073682304013	Bacteria;Firmicutes;Bacilli;Bacillales;Bacillaceae;Halobacillus;	58.662034818476855
6877	6.503080799241426e-05	Bacteria;Firmicutes;Bacilli;Bacillales;Bacillaceae;Lentibacillus;	15.240620161102205
2288	0.0001530645896560692	Bacteria;Firmicutes;Bacilli;Bacillales;Bacillaceae;Bacillus;coagulans;	35.87221723179638
1879	7.343058406583569e-05	Bacteria;Proteobacteria;Gammaproteobacteria;Enterobacterales;Vibrionaceae;Vibrio;vulnificus;	17.209191681669253
4628	6.503078123645192e-05	Bacteria;Patescibacteria;Gracilibacteria;Absconditabacteriales (SR1);	15.240613890574872
310	9.954982945851448e-05	Bacteria;Firmicutes;Bacilli;Bacillales;Bacillaceae;Fictibacillus;	23.330498031897452
144	7.638543519616085e-05	Bacteria;Firmicutes;Bacilli;Lactobacillales;Lactobacillaceae;Leuconostoc;	17.90169059257226
19066	7.80367718958189e-05	Bacteria;Firmicutes;Bacilli;Bacillales;Bacillaceae;Gracilibacillus;lacisalsi;	18.28869786150412
671	0.0002173562523252221	Bacteria;Actinobacteriota;Actinobacteria;Micrococcales;Micrococcaceae;Glutamicibacter;	50.93961129493905
4248	4.646800797051523e-05	Bacteria;Patescibacteria;Microgenomatia;Candidatus Woesebacteria;	10.890242347969949
5182	7.811386221177979e-05	Bacteria;Actinobacteriota;Actinobacteria;Corynebacteriales;Corynebacteriaceae;Turicella;	18.30676474795271
44	6.3295291258529e-05	Bacteria;Proteobacteria;Alphaproteobacteria;Rickettsiales;Mitochondria;	14.833884459348855
5048	6.0688963323165824e-05	Bacteria;Actinobacteriota;Actinobacteria;Kineosporiales;Kineosporiaceae;Quadrisphaera;	14.223065444417143
6756	4.938018909925294e-05	Bacteria;Firmicutes;Clostridia;Lachnospirales;Lachnospiraceae;Agathobacter;	11.572741117300918
14	0.00037516045822075017	Bacteria;Proteobacteria;Gammaproteobacteria;Enterobacterales;Enterobacteriaceae;Escherichia-Shigella;coli;	87.922604988615
1906	9.018895396458961e-05	Bacteria;Actinobacteriota;Acidimicrobiia;Actinomarinales;	21.13668325114122
16008	0.00016474464125970225	Bacteria;Firmicutes;Bacilli;Bacillales;Bacillaceae;Ornithinibacillus;californiensis;	38.609554125623816
3255	0.000362330085025146	Bacteria;Firmicutes;Bacilli;Lactobacillales;Enterococcaceae;Enterococcus;lactis;	84.91567872649321
12288	5.193045418130658e-05	Bacteria;Actinobacteriota;Actinobacteria;Frankiales;	12.17042124193101
3143	7.784490489087734e-05	Bacteria;Firmicutes;Bacilli;Bacillales;Planococcaceae;Lysinibacillus;massiliensis;	18.243731910226014
460	5.246771472256955e-05	Bacteria;Marinimicrobia (SAR406 clade);	12.2963336223814
5153	0.00022997184893431196	Bacteria;Firmicutes;Bacilli;Bacillales;Bacillaceae;Sediminibacillus;albus;	53.89620251624535
4899	7.351756612395878e-05	Bacteria;Firmicutes;Bacilli;Lactobacillales;Lactobacillaceae;Leuconostoc;citreum;	17.22957679681098
1093	9.545640830374737e-05	Bacteria;Firmicutes;Bacilli;Lactobacillales;Listeriaceae;Listeria;monocytogenes;	22.37116385006623
3220	5.6881876230310816e-05	Bacteria;Proteobacteria;Gammaproteobacteria;Enterobacterales;Vibrionaceae;Enterovibrio;	13.330836513335642
859	0.00038759813419900766	Bacteria;Firmicutes;Bacilli;Lactobacillales;Lactobacillaceae;Ligilactobacillus;	90.83749873087943
8299	7.063047805524421e-05	Bacteria;Sumerlaeota;Sumerlaeia;Sumerlaeales;Sumerlaeaceae;Sumerlaea;	16.552958837027035
573	0.0005442690571269536	Bacteria;Proteobacteria;Gammaproteobacteria;Enterobacterales;Enterobacteriaceae;Kosakonia;	127.55489622827284
2802	0.00018644160688866514	Bacteria;Proteobacteria;Gammaproteobacteria;Enterobacterales;Erwiniaceae;	43.69445499042756
289	0.00018136641612646691	Bacteria;Actinobacteriota;Actinobacteria;Pseudonocardiales;Pseudonocardiaceae;Pseudonocardia;	42.50503328339879
1916	0.00031648313534972193	Bacteria;Firmicutes;Bacilli;Lactobacillales;Enterococcaceae;Enterococcus;saccharolyticus;	74.17098760056084
1354	0.0007805061645263963	Bacteria;Proteobacteria;Gammaproteobacteria;Enterobacterales;Enterobacteriaceae;Buttiauxella;agrestis;	182.91942471840625
257	0.0002481829002366374	Bacteria;Firmicutes;Clostridia;Lachnospirales;Lachnospiraceae;	58.164144499458345
488	5.116667489165514e-05	Bacteria;Firmicutes;Bacilli;Bacillales;Bacillaceae;Bacillus;simplex;	11.991421927608299
2890	9.24260768174644e-05	Bacteria;Actinobacteriota;Actinobacteria;Micrococcales;Micrococcaceae;Kocuria;rosea;	21.660975362940956
890	0.00012665566842356686	Bacteria;Firmicutes;Bacilli;Bacillales;Planococcaceae;Psychrobacillus;	29.68302245174713
7460	0.00011267420295353695	Bacteria;Firmicutes;Bacilli;Bacillales;Bacillaceae;Gracilibacillus;thailandensis;	26.40632620419092
4958	5.8075226354353605e-05	Bacteria;Firmicutes;Clostridia;Oscillospirales;Oscillospiraceae;UCG-005;	13.610510048406312
12479	0.00029047129312689135	Bacteria;Firmicutes;Bacilli;Bacillales;Bacillaceae;Bacillus;graminis;	68.07485225721825
12293	8.857493444857228e-05	Bacteria;Firmicutes;Bacilli;Lactobacillales;Carnobacteriaceae;Desemzia;	20.758421637367398
5492	0.0013542232558773478	Bacteria;Firmicutes;Bacilli;Bacillales;Bacillaceae;	317.37576224741525
1138	0.00013439723167159984	Bacteria;Firmicutes;Bacilli;Lactobacillales;Enterococcaceae;Enterococcus;caccae;	31.497335214556138
4505	0.00013439885923816901	Bacteria;Firmicutes;Bacilli;Bacillales;Bacillaceae;Bacillus;fordii;	31.49771665105729
7921	4.335385415763461e-05	Bacteria;Proteobacteria;Gammaproteobacteria;Enterobacterales;Morganellaceae;Providencia;burhodogranariea;	10.160409260383247
8252	0.00013036560459976266	Bacteria;Chloroflexi;Anaerolineae;Caldilineales;Caldilineaceae;	30.552483094000376
109	0.00023392165238341029	Bacteria;Firmicutes;Bacilli;Bacillales;Bacillaceae;Geobacillus;	54.82187845257604
1281	0.0003229385826934726	Bacteria;Firmicutes;Bacilli;Lactobacillales;Lactobacillaceae;Latilactobacillus;	75.68388624004224
124	0.0002358423032123726	Bacteria;Firmicutes;Bacilli;Bacillales;Planococcaceae;Lysinibacillus;sphaericus;	55.27200218085164
2412	0.000237095522319737	Bacteria;Chloroflexi;Anaerolineae;SBR1031;A4b;	55.56570661085356
14087	4.768923957339808e-05	Bacteria;Firmicutes;Bacilli;Bacillales;Planococcaceae;Lysinibacillus;halotolerans;	11.176450186421574
7047	0.00012546594566286776	Bacteria;Firmicutes;Clostridia;Oscillospirales;Ruminococcaceae;Subdoligranulum;	29.404199025549687
2559	0.0005852969398710763	Bacteria;Firmicutes;Bacilli;Lactobacillales;Enterococcaceae;Enterococcus;raffinosus;	137.17019082818544
4310	4.753146099510393e-05	Bacteria;Firmicutes;Bacilli;Aneurinibacillales;Aneurinibacillaceae;Aneurinibacillus;	11.139473198812556
1863	0.00013828716950382454	Bacteria;Firmicutes;Bacilli;Bacillales;Bacillaceae;Bacillus;sonorensis;	32.40898104491632
1644	0.00014281971174312679	Bacteria;Proteobacteria;Gammaproteobacteria;Enterobacterales;Enterobacteriaceae;Buttiauxella;	33.471227644119196
7400	0.0002644565669584772	Bacteria;Actinobacteriota;Actinobacteria;Corynebacteriales;Corynebacteriaceae;Corynebacterium;efficiens;	61.978041032388724
12457	6.066909073529872e-05	Bacteria;Firmicutes;Bacilli;Lactobacillales;Aerococcaceae;Globicatella;	14.218408104724608
525	0.00017388063181120723	Bacteria;Firmicutes;Bacilli;Aneurinibacillales;Aneurinibacillaceae;Aneurinibacillus;migulanus;	40.75066487127452
18984	0.00027243751789379837	Bacteria;Actinobacteriota;Actinobacteria;Micrococcales;Brevibacteriaceae;Brevibacterium;samyangense;	63.848456693590585
28	0.00033814911731258314	Bacteria;Firmicutes;Bacilli;Bacillales;Bacillaceae;Bacillus;amyloliquefaciens;	79.24862713337698
1233	4.661988773178108e-05	Bacteria;Firmicutes;Bacilli;Lactobacillales;Streptococcaceae;Streptococcus;mutans;	10.925836888820214
7934	5.5759288061559956e-05	Bacteria;Firmicutes;Bacilli;Bacillales;Planococcaceae;Sporosarcina;ureae;	13.067746750107192
900	0.00011272014192440901	Bacteria;Firmicutes;Bacilli;Bacillales;Bacillaceae;Bacillus;altitudinis;	26.417092461404497
7015	4.768923957339838e-05	Bacteria;Actinobacteriota;Actinobacteria;Micrococcales;Micrococcaceae;Yaniella;soli;	11.176450186421645
3270	8.449805528122026e-05	Bacteria;Firmicutes;Bacilli;Lactobacillales;Carnobacteriaceae;Trichococcus;flocculiformis;	19.80296423570678
3210	0.0008629338331653005	Bacteria;Actinobacteriota;Actinobacteria;Corynebacteriales;Corynebacteriaceae;Corynebacterium;jeikeium;	202.23717314061983
6417	6.502570445319399e-05	Bacteria;Actinobacteriota;Actinobacteria;Micrococcales;Micrococcaceae;Micrococcus;aloeverae;	15.239424095650543
3088	4.624129391849833e-05	Bacteria;Proteobacteria;Gammaproteobacteria;Enterobacterales;Yersiniaceae;Serratia;symbiotica;	10.83710964273927
146	7.067472172699365e-05	Bacteria;Actinobacteriota;Actinobacteria;Micrococcales;Microbacteriaceae;Leucobacter;	16.56332778393823
23	0.0002246804951397553	Bacteria;Proteobacteria;Gammaproteobacteria;Enterobacterales;Pseudoalteromonadaceae;Pseudoalteromonas;	52.65612084095306
1564	0.0006780099815336371	Bacteria;Proteobacteria;Gammaproteobacteria;Enterobacterales;Enterobacteriaceae;Enterobacter;ludwigii;	158.89841927222318
11332	0.00016474462202997907	Bacteria;Firmicutes;Bacilli;Bacillales;Bacillaceae;Gracilibacillus;kekensis;	38.6095496189459
2309	0.00039833048542086964	Bacteria;Proteobacteria;Gammaproteobacteria;Enterobacterales;Enterobacteriaceae;Salmonella;	93.35273256323501
2944	0.00014306771872019423	Bacteria;Proteobacteria;Alphaproteobacteria;Alphaproteobacteria Incertae Sedis;Unknown Family;Neomegalonema;perideroedes;	33.52935055926472
17096	6.069539582068846e-05	Bacteria;Actinobacteriota;Actinobacteria;Micrococcales;Brevibacteriaceae;Spelaeicoccus;albus;	14.224572964536549
1001	0.00010481861122913021	Bacteria;Firmicutes;Bacilli;Lactobacillales;Streptococcaceae;Lactococcus;lactis;	24.565289727658957
244	4.9409636298258604e-05	Bacteria;Actinobacteriota;Actinobacteria;Streptosporangiales;Nocardiopsaceae;Nocardiopsis;	11.579642362859886
85	0.00012237045252835182	Bacteria;Firmicutes;Bacilli;Bacillales;Bacillaceae;Bacillus;aryabhattai;	28.67873925454453
15710	9.539964043194787e-05	Bacteria;Firmicutes;Bacilli;Lactobacillales;Enterococcaceae;Enterococcus;phoeniculicola;	22.357859731631304
172	0.00018578333932902876	Bacteria;Firmicutes;Clostridia;Lachnospirales;Lachnospiraceae;Roseburia;	43.54018340515118
4072	0.00010758002974845615	Bacteria;Firmicutes;Clostridia;Lachnospirales;Lachnospiraceae;Lachnospiraceae NK4A136 group;	25.212455771848184
12869	6.069742018012276e-05	Bacteria;Actinobacteriota;Actinobacteria;Micromonosporales;Micromonosporaceae;Micromonospora;rifamycinica;	14.22504739341357
1339	0.00010404924997832307	Bacteria;Actinobacteriota;Actinobacteria;Corynebacteriales;Corynebacteriaceae;Corynebacterium;variabile;	24.384982224919796
2067	6.069539585745709e-05	Bacteria;Proteobacteria;Gammaproteobacteria;Enterobacterales;Enterobacteriaceae;Kosakonia;sacchari;	14.224572973153643
7933	7.69645382901226e-05	Bacteria;Actinobacteriota;Acidimicrobiia;Microtrichales;Microtrichaceae;	18.037409193673135
2235	0.0001951537626596224	Bacteria;Firmicutes;Bacilli;Bacillales;Bacillaceae;Virgibacillus;halodenitrificans;	45.73623581690911
269	4.729216825542524e-05	Bacteria;Proteobacteria;Gammaproteobacteria;Pseudomonadales;Pseudomonadaceae;Pseudomonas;aeruginosa;	11.08339255234146
4731	0.00021243379405411008	Bacteria;Actinobacteriota;Actinobacteria;Corynebacteriales;Corynebacteriaceae;	49.78598397452124
327	0.0006053621508821838	Bacteria;Firmicutes;Bacilli;Paenibacillales;Paenibacillaceae;Paenibacillus;	141.8726736807486
849	6.50415495574077e-05	Bacteria;Proteobacteria;Gammaproteobacteria;Enterobacterales;Aeromonadaceae;Aeromonas;hydrophila;	15.243137554274067
5368	0.00022544004161975667	Bacteria;Firmicutes;Bacilli;Lactobacillales;	52.83412815400617
1986	5.636001001819873e-05	Bacteria;Firmicutes;Bacilli;Lactobacillales;Lactobacillaceae;Apilactobacillus;	13.208531947865055
80	0.00023125502053267518	Bacteria;Proteobacteria;Gammaproteobacteria;Enterobacterales;Vibrionaceae;Vibrio;	54.19692661203776
16352	7.824242851433829e-05	Bacteria;Proteobacteria;Gammaproteobacteria;Enterobacterales;Enterobacteriaceae;Plesiomonas;	18.33689554662032
1051	0.0001560858297692949	Bacteria;Proteobacteria;Gammaproteobacteria;Enterobacterales;Erwiniaceae;Pantoea;dispersa;	36.58027506473195
2406	7.803467631584628e-05	Bacteria;Firmicutes;Bacilli;Bacillales;Bacillaceae;Bacillus;marisflavi;	18.288206741381735
6755	5.6360010404925e-05	Bacteria;Firmicutes;Bacilli;Bacillales;Planococcaceae;Lysinibacillus;macroides;	13.208532038498223
461	0.00023894368167319454	Bacteria;Actinobacteriota;Actinobacteria;Micrococcales;Micrococcaceae;Pseudarthrobacter;	55.99884123692987
3479	6.248916193070016e-05	Bacteria;Actinobacteriota;Actinobacteria;Corynebacteriales;Mycobacteriaceae;Mycobacterium;xenopi;	14.64495999007889
38	8.237231443270474e-05	Bacteria;Proteobacteria;Gammaproteobacteria;Pseudomonadales;Moraxellaceae;Acinetobacter;	19.304775610448683
2020	0.00019983866380955366	Bacteria;Proteobacteria;Gammaproteobacteria;Enterobacterales;Morganellaceae;	46.83418925040699
6228	0.0001285844236509775	Bacteria;Firmicutes;Bacilli;Bacillales;Planococcaceae;Paenisporosarcina;	30.135045526843086
1437	4.33538587847536e-05	Bacteria;Firmicutes;Bacilli;Lactobacillales;Streptococcaceae;Streptococcus;gallolyticus;	10.160410344794853
1829	0.0002124536867586319	Bacteria;Firmicutes;Bacilli;Bacillales;Bacillaceae;Bacillus;aerius;	49.790646028752974
87	0.0001453157948607804	Bacteria;Actinobacteriota;Actinobacteria;Micrococcales;Microbacteriaceae;Microbacterium;	34.0562096835725
2346	7.845484735616185e-05	Bacteria;Firmicutes;Clostridia;Peptostreptococcales-Tissierellales;Fusibacteraceae;Fusibacter;	18.38667802639009
127	8.237232269220858e-05	Bacteria;Proteobacteria;Gammaproteobacteria;Enterobacterales;Erwiniaceae;Siccibacter;	19.304777546146003
8294	0.00021280104317569453	Bacteria;Actinobacteriota;Actinobacteria;Corynebacteriales;Corynebacteriaceae;Corynebacterium;halotolerans;	49.87205247865577
5995	5.424666567654998e-05	Bacteria;Firmicutes;Bacilli;Bacillales;Bacillaceae;Anoxybacillus;pushchinoensis;	12.713248567956255
1888	0.00023900994977969615	Bacteria;Proteobacteria;Gammaproteobacteria;Enterobacterales;Enterobacteriaceae;Raoultella;	56.01437183036959
2269	0.0004266682728377731	Bacteria;Chloroflexi;Anaerolineae;SBR1031;	99.9939764222605
368	4.8115701048810965e-05	Bacteria;Firmicutes;Bacilli;Staphylococcales;Staphylococcaceae;Staphylococcus;epidermidis;	11.276395697799337
1531	4.335385415763461e-05	Bacteria;Firmicutes;Bacilli;Paenibacillales;Paenibacillaceae;Paenibacillus;cookii;	10.160409260383247
5100	6.936615015847098e-05	Bacteria;Actinobacteriota;Actinobacteria;Frankiales;Frankiaceae;Jatrophihabitans;	16.25665095113926
2316	5.630908230229117e-05	Bacteria;Actinobacteriota;Thermoleophilia;Gaiellales;	13.196596528364958
2848	0.00013439424233202427	Bacteria;Firmicutes;Bacilli;Bacillales;Planococcaceae;	31.49663463293321
977	4.38499845660053e-05	Bacteria;Proteobacteria;Gammaproteobacteria;Pseudomonadales;Endozoicomonadaceae;Endozoicomonas;	10.276682382889003
17753	0.00016473660517898444	Bacteria;Proteobacteria;Gammaproteobacteria;Enterobacterales;Pectobacteriaceae;Pectobacterium;parmentieri;	38.60767078974679
6589	0.00010627595692056543	Bacteria;Desulfobacterota;Desulfuromonadia;PB19;	24.906833263903714
569	0.0002797489896655242	Bacteria;Firmicutes;Bacilli;Bacillales;Bacillaceae;Bacillus;velezensis;	65.56197321801226
374	0.00010404928695352363	Bacteria;Proteobacteria;Gammaproteobacteria;Enterobacterales;Pectobacteriaceae;Sodalis;pierantonius;	24.384990890427797
119	8.871965663985131e-05	Bacteria;Proteobacteria;Gammaproteobacteria;Pseudomonadales;SAR86 clade;	20.792338730115553
915	6.556567057900817e-05	Bacteria;Proteobacteria;Gammaproteobacteria;Enterobacterales;Enterobacteriaceae;Citrobacter;amalonaticus;	15.365970556896356
799	5.30214104364293e-05	Bacteria;Proteobacteria;Gammaproteobacteria;Enterobacterales;Morganellaceae;Xenorhabdus;indica;	12.42609774988157
37	0.0001694195087311148	Bacteria;Actinobacteriota;Actinobacteria;Corynebacteriales;Nocardiaceae;Nocardia;	39.70515606622406
17	4.335385415763461e-05	Bacteria;Proteobacteria;Gammaproteobacteria;Enterobacterales;Erwiniaceae;Pantoea;ananatis;	10.160409260383247
6906	0.00010617847027811476	Bacteria;Actinobacteriota;Actinobacteria;Micrococcales;Micrococcaceae;Arthrobacter;woluwensis;	24.883986294378975
9965	0.00014306772812049413	Bacteria;Actinobacteriota;Actinobacteria;Corynebacteriales;Corynebacteriaceae;Corynebacterium;lubricantis;	33.52935276231901
2731	6.503078123834742e-05	Bacteria;Firmicutes;Bacilli;Lactobacillales;Enterococcaceae;Enterococcus;malodoratus;	15.2406138910191
4360	5.2024624989161534e-05	Bacteria;Planctomycetota;Phycisphaerae;Tepidisphaerales;WD2101 soil group;	12.192491112459898
3425	5.620601959524977e-05	Bacteria;Actinobacteriota;Actinobacteria;Micrococcales;Dermabacteraceae;Brachybacterium;paraconglomeratum;	13.172442752342736
30	0.0005595698988038552	Bacteria;Proteobacteria;Gammaproteobacteria;Enterobacterales;Yersiniaceae;Serratia;	131.1408014836715
720	0.00044337975899106687	Bacteria;Firmicutes;Bacilli;Bacillales;Bacillaceae;Bacillus;pumilus;	103.91048031714644
6864	9.085413338687028e-05	Bacteria;Firmicutes;Bacilli;Lactobacillales;Vagococcaceae;Vagococcus;	21.29257470054692
446	0.00025130286458412946	Bacteria;Proteobacteria;Gammaproteobacteria;Enterobacterales;Erwiniaceae;Pantoea;agglomerans;	58.89533934393658
811	0.0001883154985308331	Bacteria;Proteobacteria;Gammaproteobacteria;Enterobacterales;Alteromonadaceae;Alteromonas;	44.133620235686045
715	8.855910635129174e-05	Bacteria;Proteobacteria;Gammaproteobacteria;Enterobacterales;Vibrionaceae;Vibrio;parahaemolyticus;	20.75471216448873
7803	0.00015336894347326135	Bacteria;Firmicutes;Bacilli;Bacillales;Bacillaceae;Bacillus;wuyishanensis;	35.94354559239353
3928	7.370155205781787e-05	Bacteria;Firmicutes;Bacilli;Lactobacillales;Enterococcaceae;Enterococcus;canis;	17.272695740270194
4260	0.0003174856159429711	Bacteria;Actinobacteriota;Actinobacteria;Corynebacteriales;Corynebacteriaceae;Corynebacterium;glutamicum;	74.4059289523947
822	0.00017775206143035076	Bacteria;Proteobacteria;Gammaproteobacteria;Enterobacterales;Morganellaceae;Incertae Sedis;	41.657973116817004
420	8.235650596634045e-05	Bacteria;Firmicutes;Bacilli;Brevibacillales;Brevibacillaceae;Brevibacillus;	19.301070738271548
2524	0.00011595705072259485	Bacteria;Actinobacteriota;Actinobacteria;Micrococcales;Micrococcaceae;Nesterenkonia;	27.17569440734733
1652	9.971385160052476e-05	Bacteria;Firmicutes;Bacilli;Bacillales;Bacillaceae;Bacillus;badius;	23.368938261098982
176	6.646183074891844e-05	Bacteria;Actinobacteriota;Actinobacteria;Pseudonocardiales;Pseudonocardiaceae;Saccharopolyspora;	15.575994654316526
285	7.976605932082396e-05	Bacteria;Actinobacteriota;Actinobacteria;Propionibacteriales;Nocardioidaceae;Nocardioides;	18.693973662428306
5399	6.0695396987531404e-05	Bacteria;Proteobacteria;Gammaproteobacteria;Enterobacterales;Morganellaceae;Proteus;hauseri;	14.224573237997859
12512	6.48578454852574e-05	Bacteria;Actinobacteriota;Actinobacteria;Micrococcales;Micrococcaceae;Arthrobacter;bambusae;	15.200084667924925
2584	9.55109658604629e-05	Bacteria;Firmicutes;Bacilli;Lactobacillales;Enterococcaceae;Enterococcus;sulfureus;	22.383949959058086
17286	8.670770737710307e-05	Bacteria;Firmicutes;Bacilli;Bacillales;Bacillaceae;Gracilibacillus;phocaeensis;	20.320818300897876
7086	8.234031790979436e-05	Bacteria;Firmicutes;Clostridia;Peptostreptococcales-Tissierellales;Peptostreptococcaceae;Romboutsia;	19.297276905339405
5297	6.002325407446582e-05	Bacteria;Actinobacteriota;Actinobacteria;Glycomycetales;Glycomycetaceae;	14.06704982489181
3757	0.0003155071826959667	Bacteria;Actinobacteriota;Actinobacteria;Micrococcales;Micrococcaceae;	73.94226333662677
9880	0.00013439694786399398	Bacteria;Firmicutes;Bacilli;Bacillales;Bacillaceae;Ornithinibacillus;halotolerans;	31.49726870140563
247	5.118512922470192e-05	Bacteria;Firmicutes;Bacilli;Staphylococcales;Staphylococcaceae;Staphylococcus;aureus;	11.995746885101143
9040	4.751935216376589e-05	Bacteria;Firmicutes;Bacilli;Bacillales;Bacillaceae;Halobacillus;aidingensis;	11.136635373100175
1620	5.8403620368160484e-05	Bacteria;Firmicutes;Bacilli;Staphylococcales;Staphylococcaceae;Staphylococcus;pasteuri;	13.687472469482092
1385	0.00012820277179871527	Bacteria;Firmicutes;Clostridia;Christensenellales;Christensenellaceae;Christensenellaceae R-7 group;	30.045601598746913
143	0.00010436791785560169	Bacteria;Spirochaetota;Spirochaetia;Spirochaetales;Spirochaetaceae;Treponema;	24.459665228638812
5971	0.0001474031043208397	Bacteria;Proteobacteria;Gammaproteobacteria;Enterobacterales;Enterobacteriaceae;Cronobacter;	34.54539152863199
442	6.0495676243802285e-05	Bacteria;Proteobacteria;Gammaproteobacteria;Enterobacterales;Pasteurellaceae;Actinobacillus;	14.177766684497504
1651	0.00012140675510855062	Bacteria;Firmicutes;Bacilli;Bacillales;Planococcaceae;Filibacter;limicola;	28.452887127239922
17755	0.00011705314356152929	Bacteria;Firmicutes;Bacilli;Bacillales;Bacillaceae;Oceanobacillus;timonensis;	27.432574725080006
4697	6.904022144466106e-05	Bacteria;Proteobacteria;Gammaproteobacteria;Pseudomonadales;Pseudohongiellaceae;Pseudohongiella;	16.180266297770768
5050	8.670770883859235e-05	Bacteria;Firmicutes;Bacilli;Bacillales;Bacillaceae;Bacillus;bataviensis;	20.320818643412505
651	0.0001828832699120083	Bacteria;Firmicutes;Bacilli;Bacillales;Bacillaceae;Bacillus;anthracis;	42.860523136578266
14950	9.540267915512621e-05	Bacteria;Actinobacteriota;Actinobacteria;Micrococcales;Brevibacteriaceae;Brevibacterium;daeguense;	22.358571886795378
1612	8.25740316735885e-05	Bacteria;Firmicutes;Bacilli;Bacillales;Bacillaceae;Bacillus;niacini;	19.3520500630222
6593	5.6360010404925e-05	Bacteria;Firmicutes;Bacilli;Bacillales;Bacillaceae;Terribacillus;aidingensis;	13.208532038498223
386	8.662387586728681e-05	Bacteria;Proteobacteria;Gammaproteobacteria;Enterobacterales;Enterobacteriaceae;Raoultella;ornithinolytica;	20.301171548257336
1036	8.405114855251603e-05	Bacteria;Firmicutes;Clostridia;Lachnospirales;Lachnospiraceae;Lachnoclostridium;	19.698227174767656
4556	5.618918122176917e-05	Bacteria;Actinobacteriota;Acidimicrobiia;Microtrichales;Ilumatobacteraceae;Ilumatobacter;	13.168496511133823
1150	9.536861827645354e-05	Bacteria;Proteobacteria;Gammaproteobacteria;Enterobacterales;Yersiniaceae;Serratia;proteamaculans;	22.35058937926965
380	0.0001430970608736736	Bacteria;Firmicutes;Bacilli;Bacillales;Bacillaceae;Bacillus;flexus;	33.53622718635415
265	0.00017167547571652814	Bacteria;Firmicutes;Negativicutes;Veillonellales-Selenomonadales;Veillonellaceae;Veillonella;	40.23386448892553
13892	5.515371877712314e-05	Bacteria;Entotheonellaeota;Entotheonellia;Entotheonellales;Entotheonellaceae;	12.925825532606579
4559	6.937314329577289e-05	Bacteria;Firmicutes;Bacilli;Lactobacillales;Listeriaceae;Listeria;innocua;	16.258289862797334
2397	7.333577134411217e-05	Bacteria;Firmicutes;Bacilli;Bacillales;Bacillaceae;Bacillus;halodurans;	17.18697137220613
141	0.00014944760678854783	Bacteria;Firmicutes;Bacilli;Bacillales;Bacillaceae;Bacillus;safensis;	35.02454112696407
4332	0.00018641765619080476	Bacteria;Firmicutes;Bacilli;Bacillales;Bacillaceae;Thalassobacillus;	43.688841904877
13837	4.7689239573515625e-05	Bacteria;Firmicutes;Bacilli;Bacillales;Bacillaceae;Halolactibacillus;miurensis;	11.176450186449122
2653	5.5638879460468174e-05	Bacteria;Firmicutes;Desulfitobacteriia;Desulfitobacteriales;Desulfitobacteriaceae;Desulfosporosinus;	13.03952779035532
17029	9.911770404734886e-05	Bacteria;Actinobacteriota;Actinobacteria;Streptomycetales;Streptomycetaceae;Streptomyces;verticillus;	23.22922512053668
6866	0.00019515791205186687	Bacteria;Firmicutes;Bacilli;Bacillales;Bacillaceae;Gracilibacillus;ureilyticus;	45.73720826847552
13583	0.00011365173200527246	Bacteria;Actinobacteriota;Actinobacteria;Micrococcales;Brevibacteriaceae;Brevibacterium;jeotgali;	26.635419912755655
10507	0.00016040926038324806	Bacteria;Firmicutes;Bacilli;Lactobacillales;Lactobacillaceae;Lapidilactobacillus;	37.593514263418015
7701	0.00016472637201459106	Bacteria;Proteobacteria;Gammaproteobacteria;Enterobacterales;Morganellaceae;Providencia;stuartii;	38.60527254533956
2151	9.083522910801908e-05	Bacteria;Firmicutes;Bacilli;Bacillales;Bacillaceae;Bacillus;boroniphilus;	21.28814429375535
578	0.0001469803152274404	Bacteria;Firmicutes;Bacilli;Lactobacillales;Streptococcaceae;Lactococcus;	34.44630667670293
12364	8.234328484519701e-05	Bacteria;Actinobacteriota;Acidimicrobiia;Microtrichales;Ilumatobacteraceae;	19.297972236320373
8923	6.503002043692221e-05	Bacteria;Actinobacteriota;Actinobacteria;Micrococcales;Brevibacteriaceae;Brevibacterium;album;	15.240435589597089
194	9.803521123962785e-05	Bacteria;Proteobacteria;Gammaproteobacteria;Burkholderiales;Burkholderiaceae;Burkholderia-Caballeronia-Paraburkholderia;	22.975532106119182
5272	5.2145457065140025e-05	Bacteria;Actinobacteriota;Actinobacteria;Streptosporangiales;Nocardiopsaceae;Nocardiopsis;lucentensis;	12.220809317786216
1910	6.50307800846232e-05	Bacteria;Actinobacteriota;Actinobacteria;Corynebacteriales;Corynebacteriaceae;Corynebacterium;pilosum;	15.240613620632294
10272	5.6359462897753704e-05	Bacteria;Proteobacteria;Gammaproteobacteria;Enterobacterales;Erwiniaceae;Rosenbergiella;	13.208403724717558
2072	4.7689242975003856e-05	Bacteria;Firmicutes;Bacilli;Bacillales;Bacillaceae;Virgibacillus;pantothenticus;	11.176450983621903
4196	6.637056677182568e-05	Bacteria;Actinobacteriota;Actinobacteria;Actinomycetales;Actinomycetaceae;Varibaculum;	15.554606028645066
434	0.00022089199034218022	Bacteria;Proteobacteria;Gammaproteobacteria;Enterobacterales;Enterobacteriaceae;Pluralibacter;gergoviae;	51.76824685659336
10963	9.628771724371862e-05	Bacteria;Proteobacteria;Gammaproteobacteria;Enterobacterales;Erwiniaceae;Pantoea;vagans;	22.565989413237897
8330	7.370155206797885e-05	Bacteria;Proteobacteria;Gammaproteobacteria;Enterobacterales;Morganellaceae;Cosenzaea;myxofaciens;	17.27269574265152
10050	6.936618359972184e-05	Bacteria;Firmicutes;Bacilli;Bacillales;Planococcaceae;Sporosarcina;koreensis;	16.25665878843081
919	8.18837191301134e-05	Bacteria;Proteobacteria;Gammaproteobacteria;Enterobacterales;Erwiniaceae;Erwinia;pyrifoliae;	19.190268415333374
6319	8.237237104994102e-05	Bacteria;Proteobacteria;Gammaproteobacteria;Enterobacterales;Enterobacteriaceae;Citrobacter;sedlakii;	19.304788879264176
2291	7.88941177178687e-05	Bacteria;Firmicutes;Bacilli;Bacillales;Bacillaceae;Halolactibacillus;	18.48962542835971
408	5.442637559304354e-05	Bacteria;Firmicutes;Bacilli;Bacillales;Bacillaceae;Bacillus;thuringiensis;	12.755365383985684
230	0.00013147291609553444	Bacteria;Proteobacteria;Gammaproteobacteria;Enterobacterales;Shewanellaceae;Shewanella;	30.81199261614945
4866	6.06963636820024e-05	Bacteria;Actinobacteriota;Actinobacteria;Micrococcales;Dermabacteraceae;Helcobacillus;massiliensis;	14.224799792514082
10898	0.00011186945080302999	Bacteria;Proteobacteria;Alphaproteobacteria;Parvibaculales;PS1 clade;	26.21772449019811
5965	0.00013873233330443077	Bacteria;Firmicutes;Bacilli;Bacillales;Bacillaceae;Ornithinibacillus;bavariensis;	32.51330963322639
4234	8.281557875141601e-05	Bacteria;Firmicutes;Bacilli;Lactobacillales;Carnobacteriaceae;Carnobacterium;	19.408659036181856
1502	8.346784832098734e-05	Bacteria;Desulfobacterota;Desulfovibrionia;Desulfovibrionales;Desulfovibrionaceae;Desulfovibrio;	19.561524932506593
761	0.0004204428062138298	Bacteria;Actinobacteriota;Actinobacteria;Micrococcales;Micrococcaceae;Paeniglutamicibacter;	98.53497606427315
15930	0.00012139078884577825	Bacteria;Firmicutes;Bacilli;Lactobacillales;P5D1-392;	28.44914527389659
16371	6.503809118498976e-05	Bacteria;Actinobacteriota;Actinobacteria;Micrococcales;Microbacteriaceae;Aurantimicrobium;	15.2423270501142
15697	6.503078123645192e-05	Bacteria;Firmicutes;Bacilli;Lactobacillales;Enterococcaceae;Enterococcus;haemoperoxidus;	15.240613890574872
1009	4.899144402018747e-05	Bacteria;Firmicutes;Bacilli;Paenibacillales;Paenibacillaceae;Paenibacillus;polymyxa;	11.481634820571136
10571	6.503078123645192e-05	Bacteria;Firmicutes;Bacilli;Bacillales;Bacillaceae;Bacillus;mesonae;	15.240613890574872
5948	4.9731053143024766e-05	Bacteria;Proteobacteria;Gammaproteobacteria;Enterobacterales;Yersiniaceae;Gibbsiella;	11.654969614599285
981	0.0001310007305665624	Bacteria;Firmicutes;Bacilli;Bacillales;Bacillaceae;Bacillus;tequilensis;	30.70133121557956
4355	4.342173673288438e-05	Bacteria;Firmicutes;Clostridia;Oscillospirales;UCG-010;	10.176318220718782
9020	4.758602578786411e-05	Bacteria;Actinobacteriota;Actinobacteria;Pseudonocardiales;Pseudonocardiaceae;Crossiella;	11.152261003643833
1211	5.189498464286864e-05	Bacteria;Proteobacteria;Gammaproteobacteria;Enterobacterales;Pectobacteriaceae;Dickeya;chrysanthemi;	12.162108600902695
842	0.00022547784994792606	Bacteria;Proteobacteria;Gammaproteobacteria;Enterobacterales;Enterobacteriaceae;Citrobacter;freundii;	52.84298891379595
3537	4.733640226959956e-05	Bacteria;Firmicutes;Clostridia;Lachnospirales;Lachnospiraceae;Tyzzerella;	11.093759235903352
2850	9.181068642525007e-05	Bacteria;Firmicutes;Bacilli;Bacillales;Bacillaceae;Anoxybacillus;flavithermus;	21.516752470621608
6845	7.370154986471918e-05	Bacteria;Proteobacteria;Gammaproteobacteria;Enterobacterales;Yersiniaceae;Yersinia;pestis;	17.272695226295586
577	5.151194683586494e-05	Bacteria;Proteobacteria;Gammaproteobacteria;Enterobacterales;Pectobacteriaceae;Sodalis;	12.072339860453308
7045	4.763203575692825e-05	Bacteria;Firmicutes;Negativicutes;Acidaminococcales;Acidaminococcaceae;Phascolarctobacterium;	11.163043899993704
1857	0.00022084185349282277	Bacteria;Actinobacteriota;Actinobacteria;Micrococcales;Micrococcaceae;Paenarthrobacter;	51.75649678457795
1828	0.00011300878437047306	Bacteria;Proteobacteria;Gammaproteobacteria;Enterobacterales;Yersiniaceae;Rahnella1;	26.484738705064068
1381	5.6359982312670625e-05	Bacteria;Actinobacteriota;Actinobacteria;Frankiales;Frankiaceae;Frankia;	13.208525454797488
2747	5.6360012684452985e-05	Bacteria;Firmicutes;Bacilli;Bacillales;Bacillaceae;Oceanobacillus;profundus;	13.208532572728402
1188	8.237232289950576e-05	Bacteria;Firmicutes;Bacilli;Lactobacillales;Enterococcaceae;Enterococcus;dispar;	19.30477759472817
3197	6.490995461764997e-05	Bacteria;Proteobacteria;Gammaproteobacteria;Thiomicrospirales;Thiomicrospiraceae;endosymbionts;	15.212296964192447
3795	0.00013381152773925942	Bacteria;Campylobacterota;Campylobacteria;Campylobacterales;Sulfurospirillaceae;Sulfurospirillum;	31.36006964097284
19455	4.335385415801e-05	Bacteria;Planctomycetota;Brocadiae;Brocadiales;Brocadiaceae;Candidatus Brocadia;fulgida;	10.160409260471223
2092	8.242442868154173e-05	Bacteria;Actinobacteriota;Actinobacteria;Micrococcales;Brevibacteriaceae;Brevibacterium;iodinum;	19.31698910580612
2042	7.370155206797955e-05	Bacteria;Firmicutes;Bacilli;Staphylococcales;Staphylococcaceae;Macrococcus;	17.27269574265169
1105	7.370148714116953e-05	Bacteria;Firmicutes;Bacilli;Bacillales;Bacillaceae;Virgibacillus;marismortui;	17.272680526404493
14539	7.803693748374231e-05	Bacteria;Firmicutes;Bacilli;Bacillales;Bacillaceae;Ornithinibacillus;scapharcae;	18.288736668689847
2040	4.769239583885862e-05	Bacteria;Proteobacteria;Gammaproteobacteria;Enterobacterales;Shewanellaceae;Shewanella;algae;	11.177189888794906
7888	7.797705789295478e-05	Bacteria;Actinobacteriota;Actinobacteria;Micrococcales;Dermabacteraceae;Dermabacter;	18.27470328779288
8247	5.633830970492757e-05	Bacteria;Proteobacteria;Gammaproteobacteria;Enterobacterales;Hafniaceae;Edwardsiella;ictaluri;	13.203446262446827
9943	7.796937484472983e-05	Bacteria;Actinobacteriota;Actinobacteria;Streptomycetales;Streptomycetaceae;Streptomyces;lunaelactis;	18.27290268861088
214	6.0218383362221456e-05	Bacteria;Actinobacteriota;Actinobacteria;Streptosporangiales;Streptosporangiaceae;Nonomuraea;	14.11278032477022
14049	6.503090091122296e-05	Bacteria;Firmicutes;Bacilli;Bacillales;Bacillaceae;Bacillus;composti;	15.240641937554214
17026	4.786490033636466e-05	Bacteria;Actinobacteriota;Actinobacteria;Micrococcales;Intrasporangiaceae;Tetrasphaera;japonica;	11.217618042830422
737	4.768923962986209e-05	Bacteria;Actinobacteriota;Actinobacteria;Streptomycetales;Streptomycetaceae;Streptomyces;bungoensis;	11.17645019965448
9684	5.6360010404925e-05	Bacteria;Firmicutes;Bacilli;Bacillales;Bacillaceae;Bacillus;acidiproducens;	13.208532038498223
75	5.3966084668962133e-05	Bacteria;Proteobacteria;Gammaproteobacteria;Pseudomonadales;Halomonadaceae;Halomonas;	12.647491603017965
1781	5.2024624989182005e-05	Bacteria;Firmicutes;Bacilli;Bacillales;Bacillaceae;Bacillus;nealsonii;	12.192491112464694
3714	5.6364402012971026e-05	Bacteria;Firmicutes;Bacilli;Staphylococcales;Gemellaceae;Gemella;	13.20956125575989
15241	6.069435503039526e-05	Bacteria;Firmicutes;Bacilli;Bacillales;Bacillaceae;Amphibacillus;iburiensis;	14.224329044923433
3048	8.670706422483038e-05	Bacteria;Actinobacteriota;Actinobacteria;Corynebacteriales;Corynebacteriaceae;Corynebacterium;humireducens;	20.320667571731246
16004	9.104312508153053e-05	Bacteria;Actinobacteriota;Actinobacteria;Micrococcales;Micrococcaceae;Yaniella;flava;	21.336866794107497
6	0.00010404158411798963	Bacteria;Actinobacteriota;Actinobacteria;Pseudonocardiales;Pseudonocardiaceae;Saccharomonospora;	24.38318565389205
2189	5.6359583741247384e-05	Bacteria;Firmicutes;Bacilli;Bacillales;Bacillaceae;Halobacillus;dabanensis;	13.208432045598737
855	5.659340072878553e-05	Bacteria;Firmicutes;Bacilli;Lactobacillales;Lactobacillaceae;Lactobacillus;acidophilus;	13.263229394798175
1092	4.740092082810339e-05	Bacteria;Firmicutes;Bacilli;Lactobacillales;Carnobacteriaceae;Alkalibacterium;	11.108879805274311
4752	9.971359182582457e-05	Bacteria;Actinobacteriota;Actinobacteria;Micrococcales;Cellulomonadaceae;	23.368877380300244
173	8.228351591188821e-05	Bacteria;Proteobacteria;Gammaproteobacteria;Enterobacterales;Yersiniaceae;Serratia;marcescens;	19.283964789110122
1191	6.936616665221538e-05	Bacteria;Proteobacteria;Gammaproteobacteria;Enterobacterales;Enterobacteriaceae;Buttiauxella;warmboldiae;	16.256654816613196
6028	5.6360010404925e-05	Bacteria;Firmicutes;Bacilli;Bacillales;Planococcaceae;Sporosarcina;luteola;	13.208532038498223
19072	0.00010404916510318143	Bacteria;Firmicutes;Bacilli;Lactobacillales;Enterococcaceae;Enterococcus;flavescens;	24.3849623335816
8736	6.475380778362495e-05	Bacteria;Firmicutes;Bacilli;Bacillales;Bacillaceae;Bacillus;farraginis;	15.175702392170344
9768	4.335385415763461e-05	Bacteria;Actinobacteriota;Actinobacteria;Micrococcales;Micrococcaceae;Enteractinococcus;fodinae;	10.160409260383247
1121	0.00011653207717730814	Bacteria;Firmicutes;Bacilli;Bacillales;Bacillaceae;Amphibacillus;	27.310457607273936
3464	6.069539583643917e-05	Bacteria;Actinobacteriota;Actinobacteria;Micrococcales;Intrasporangiaceae;Janibacter;	14.224572968227884
3975	5.201548761473866e-05	Bacteria;Firmicutes;Clostridia;Peptostreptococcales-Tissierellales;Peptostreptococcaceae;Clostridioides;difficile;	12.190349677390152
1494	9.215235212062294e-05	Bacteria;Actinobacteriota;Actinobacteria;Micrococcales;Brevibacteriaceae;Brevibacterium;paucivorans;	21.59682524298919
6882	4.504440890162344e-05	Bacteria;Acidobacteriota;Vicinamibacteria;Vicinamibacterales;	10.55660767018447
4893	4.531178423043081e-05	Bacteria;Actinobacteriota;Actinobacteria;Micrococcales;Micrococcaceae;Citricoccus;	10.619269752243765
4992	0.0001139302241835652	Bacteria;Firmicutes;Bacilli;Erysipelotrichales;Erysipelotrichaceae;Turicibacter;	26.70068733966034
13592	6.069539582068846e-05	Bacteria;Firmicutes;Bacilli;Bacillales;Bacillaceae;Lentibacillus;amyloliquefaciens;	14.224572964536549
3130	6.662267874215989e-05	Bacteria;Actinobacteriota;Actinobacteria;Frankiales;Geodermatophilaceae;Geodermatophilus;	15.613690990012591
353	0.00011272000447961258	Bacteria;Proteobacteria;Gammaproteobacteria;Enterobacterales;Yersiniaceae;Yersinia;	26.417060249842006
10890	6.503078130315548e-05	Bacteria;Actinobacteriota;Actinobacteria;Corynebacteriales;Corynebacteriaceae;Corynebacterium;nuruki;	15.240613906207518
592	4.756414967473758e-05	Bacteria;Proteobacteria;Gammaproteobacteria;Enterobacterales;Vibrionaceae;Photobacterium;	11.147134117771499
5501	7.388853127524075e-05	Bacteria;Firmicutes;Bacilli;Bacillales;Bacillaceae;Bacillus;krulwichiae;	17.316516189665425
16578	4.335385415763461e-05	Bacteria;Firmicutes;Bacilli;Bacillales;Bacillaceae;Virgibacillus;dokdonensis;	10.160409260383247
263	4.7123109993087564e-05	Bacteria;Actinobacteriota;Actinobacteria;Corynebacteriales;Nocardiaceae;Gordonia;	11.043772057980002
4757	5.202462498916323e-05	Bacteria;Proteobacteria;Gammaproteobacteria;Enterobacterales;Erwiniaceae;Pantoea;rwandensis;	12.192491112460294
11439	6.069539603935011e-05	Bacteria;Actinobacteriota;Actinobacteria;Streptomycetales;Streptomycetaceae;Streptomyces;roseochromogenus;	14.224573015782092
2168	7.789371852124387e-05	Bacteria;Actinobacteriota;Actinobacteria;Micrococcales;Micrococcaceae;Sinomonas;	18.255171872638712
16759	4.768923957339808e-05	Bacteria;Firmicutes;Bacilli;Bacillales;Bacillaceae;Virgibacillus;sediminis;	11.176450186421574
5481	6.503078154287772e-05	Bacteria;Proteobacteria;Gammaproteobacteria;Enterobacterales;Erwiniaceae;Tatumella;	15.24061396238882
6653	5.2036813959425585e-05	Bacteria;Patescibacteria;Gracilibacteria;	12.19534771953098
2038	5.2024624989161534e-05	Bacteria;Firmicutes;Bacilli;Bacillales;Bacillaceae;Bacillus;horneckiae;	12.192491112459898
11020	4.335385415763461e-05	Bacteria;Proteobacteria;Gammaproteobacteria;Enterobacterales;Enterobacteriaceae;Citrobacter;werkmanii;	10.160409260383247
4429	5.2015762668493886e-05	Bacteria;Actinobacteriota;Actinobacteria;Micromonosporales;Micromonosporaceae;Actinoplanes;	12.190414138988228
505	5.202462842009433e-05	Bacteria;Actinobacteriota;Actinobacteria;Pseudonocardiales;Pseudonocardiaceae;Lechevalieria;	12.192491916533308
12331	5.2050052060548606e-05	Bacteria;Proteobacteria;Gammaproteobacteria;Cardiobacteriales;Cardiobacteriaceae;	12.198450200910171
unassigned	0.0		7731.0
